[
    {
        "id": 1,
        "title": "Lorem Ipsum Curso 1",
        "description": "Lorem Ipsum is simply dummy text of the printing and typesetting industry. Lorem Ipsum has been the industry's standard dummy text ever since the 1500s, when an unknown printer took a galley of type and scrambled it to make a type specimen book.",
        "image": "public\/images\/curso1.webp"
    },
    {
        "id": 2,
        "title": "Lorem Ipsum Curso 2",
        "description": "Lorem Ipsum is simply dummy text of the printing and typesetting industry. Lorem Ipsum has been the industry's standard dummy text ever since the 1500s, when an unknown printer took a galley of type and scrambled it to make a type specimen book.",
        "image": "public\/images\/curso2.webp"
    },
    {
        "id": 3,
        "title": "Lorem Ipsum Curso 3",
        "description": "Lorem Ipsum is simply dummy text of the printing and typesetting industry. Lorem Ipsum has been the industry's standard dummy text ever since the 1500s, when an unknown printer took a galley of type and scrambled it to make a type specimen book.",
        "image": "public\/images\/curso3.webp"
    },
    {
        "id": 4,
        "title": "Lorem Ipsum Curso 4",
        "description": "Lorem Ipsum is simply dummy text of the printing and typesetting industry. Lorem Ipsum has been the industry's standard dummy text ever since the 1500s, when an unknown printer took a galley of type and scrambled it to make a type specimen book.",
        "image": "public\/images\/curso1.webp"
    },
    {
        "id": 5,
        "title": "Lorem Ipsum Curso 5",
        "description": "Lorem Ipsum is simply dummy text of the printing and typesetting industry. Lorem Ipsum has been the industry's standard dummy text ever since the 1500s, when an unknown printer took a galley of type and scrambled it to make a type specimen book.",
        "image": "public\/images\/curso2.webp"
    },
    {
        "id": 6,
        "title": "Lorem Ipsum Curso 6",
        "description": "Lorem Ipsum is simply dummy text of the printing and typesetting industry. Lorem Ipsum has been the industry's standard dummy text ever since the 1500s, when an unknown printer took a galley of type and scrambled it to make a type specimen book.",
        "image": "public\/images\/curso3.webp"
    },
    {
        "id": 7,
        "title": "Lorem Ipsum Curso 7",
        "description": "Lorem Ipsum is simply dummy text of the printing and typesetting industry. Lorem Ipsum has been the industry's standard dummy text ever since the 1500s, when an unknown printer took a galley of type and scrambled it to make a type specimen book.",
        "image": "public\/images\/curso1.webp"
    }
]